{
    "@class": "com.kony.gen.viz.model.component.KVizLabel",
    "DNDConfig": null,
    "__parentReadjusting__": false,
    "_height_": {
        "type": "string",
        "value": "100%"
    },
    "_left_": {
        "type": "string",
        "value": "0dp"
    },
    "_margin_": [
        1,
        1,
        1,
        1
    ],
    "_padding_": [
        0,
        0,
        0,
        0
    ],
    "_skin_": "sa4bd054467a44bbbcf3a42cd67a97fb",
    "_text_": "Home",
    "_top_": {
        "type": "string",
        "value": "0dp"
    },
    "_width_": {
        "type": "string",
        "value": "100%"
    },
    "_wrapping_": 2,
    "canUpdateUI": true,
    "containerweight": 100,
    "contentalignment": 5,
    "id": "Label005519a95bde348",
    "info": null,
    "isvisible": true,
    "kuid": "c39d6677aac94ec4bd8d02e375528867",
    "name": "kony.ui.Label",
    "parent": "FlexContainer0239525d7b6d54b",
    "pf": "frmHome",
    "tooltip": "",
    "wType": "Label"
}