{"mwaddrkey":"","wap_android360_fontsize":"12","isA11yConfigEnabled":false,"watchos_notificationcentericon_42":"","wap_android440_fontsize":"12","apppackagekey":"","wap_android400_fontsize":"12","nativeContainerProperties":{"isEnableJSContainerAndroid":false,"isModified":false,"isEnableJSContaineriOS":false,"isEnableJSContainer":false},"wap_spaandroidtabhdpi_fontsize":"12","appversionkey":"1.0.0","watchos_longlooknotificationicon_38":"","project.type":"js","startupformkey":"frmHome","wap_bb480_fontsize":"12","wap_winphone480_fontsize":"12","wap_android640_fontsize":"12","vendornamekey":"KonyLabs","wap_android320_fontsize":"12","createdgaversion":"6.9.0","watchos_notificationcentericon_38":"","desktopstartupformkey":"frmHome","enableactionbar":false,"watchos_shortlooknotificationicon_42":"","wap_android480_fontsize":"12","wap_winphone320_fontsize":"12","watchos_longlooknotificationicon_42":"","appmenu":{"tablet":{"data":[{"windows8":{"appBarButtonStyle":"No Style","position":"BOTTOM_LEFT"},"android":{"showAsFlag":0},"kuid":"045bf1b14dba4326a9d3f8b219ecf036","icon":{"default":"option1.png"},"id":"appmenuitemid1","title":"Item 1"},{"windows8":{"appBarButtonStyle":"No Style","position":"BOTTOM_LEFT"},"android":{"showAsFlag":0},"kuid":"fe8deb6d381d4334a31e10d7d8eeec90","icon":{"default":"option2.png"},"id":"appmenuitemid2","title":"Item 2"},{"windows8":{"appBarButtonStyle":"No Style","position":"BOTTOM_LEFT"},"android":{"showAsFlag":0},"kuid":"7ead0211d7704decb6c95464aa88ae8f","icon":{"default":"option3.png"},"id":"appmenuitemid3","title":"Item 3"},{"windows8":{"appBarButtonStyle":"No Style","position":"BOTTOM_LEFT"},"android":{"showAsFlag":0},"kuid":"2acc1933e150408691f38b495b61cb01","icon":{"default":"option4.png"},"id":"appmenuitemid4","title":"Item 4"}]},"desktop":{"data":[{"kuid":"fa950628915d486d83d4dc3e0570904d","icon":{"default":"option1.png"},"id":"appmenuitemid1","title":"Item 1"},{"kuid":"710d0ff50587490e97a1d5ab3543213b","icon":{"default":"option2.png"},"id":"appmenuitemid2","title":"Item 2"},{"kuid":"c8abe27d8e1b4ae9bb59fdab68ede805","icon":{"default":"option3.png"},"id":"appmenuitemid3","title":"Item 3"},{"kuid":"104b1e8819a94f589f739119d86dc388","icon":{"default":"option4.png"},"id":"appmenuitemid4","title":"Item 4"}]},"focusskin":null,"osVersion":"iOS7","wType":"Appmenu","focusSkin":null,"mobile":{"data":[{"android":{"showAsFlag":0},"kuid":"059cc8541e2b4564aa5b0d1ca82191ae","icon":{"default":"option1.png"},"id":"appmenuitemid1","title":"Item 1"},{"android":{"showAsFlag":0},"kuid":"a0c0717849874442a1682275bb7186b3","icon":{"default":"option2.png"},"id":"appmenuitemid2","title":"Item 2"},{"android":{"showAsFlag":0},"kuid":"112567150d6146d3a674ec200456dd2e","icon":{"default":"option3.png"},"id":"appmenuitemid3","title":"Item 3"},{"android":{"showAsFlag":0},"kuid":"d31524bc309b4a6bbd31f55052972cdd","icon":{"default":"option4.png"},"id":"appmenuitemid4","title":"Item 4"}]},"skin":null,"osPlatform":""},"wap_spaipad_fontsize":"12","mwportkey":"","mwhttpsportkey":"","wap_bb440_fontsize":"12","wap_bb400_fontsize":"12","appidkey":"HelloWorld","statusBarHidden":"false","wap_bb360_fontsize":"12","export.type":"studioviz","isNewAppWithRespectToAndroidPackageName":"","wap_spawindowstab_fontsize":"12","defaulttheme":"defaultTheme","watchos_shortlooknotificationicon_38":"","appaddrkey":"","tabletstartupformkey":"frmHome","appnamekey":"HelloWorld","currentgaversion":"7.3.0","wap_bb320_fontsize":"12","wap_bb240_fontsize":"12","desktopwebbasefontsize":"12","wap_android240_fontsize":"12","wap_spaandroidtabldpi_fontsize":"12","wap_spaandroidtabmdpi_fontsize":"12","konyVizVersion":"7.3.0","wap_spaandroidtab_fontsize":"12","winmobileguidkey":"","APPLICATION_THEME":"default","build":"debug","project_version":"sprint27","wap_ip_fontsize":"12","category":"app","createdVizVersion":"2.9.0"}