{
    "DNDConfig": null,
    "__parentReadjusting__": false,
    "_height_": {
        "type": "string",
        "value": "8%"
    },
    "_left_": {
        "type": "string",
        "value": "0dp"
    },
    "_margin_": [
        0,
        0,
        0,
        0
    ],
    "_orientation_": 6,
    "_padding_": [
        0,
        0,
        0,
        0
    ],
    "_percent_": true,
    "_render_": true,
    "_skin_": "sed6aafe0ec74e42bf1e0e1eea90b342",
    "_top_": {
        "type": "string",
        "value": "0dp"
    },
    "_width_": {
        "type": "string",
        "value": "100%"
    },
    "allboxes": [],
    "android": {
        "render": true
    },
    "autogrowmode": 0,
    "canUpdateUI": true,
    "children": [
        "Label005519a95bde348"
    ],
    "clipbounds": true,
    "containerweight": 100,
    "enablescrolling": true,
    "id": "FlexContainer0239525d7b6d54b",
    "info": null,
    "ipad": {
        "render": false
    },
    "isvisible": true,
    "kuid": "1e75a4c6a2a44869b40656a837507d25",
    "layouttype": 2,
    "name": "kony.ui.FlexContainer",
    "parent": "frmHome",
    "pf": "frmHome",
    "snapgridsize": 10,
    "snaptogrid": true,
    "spaandroidtablet": {
        "render": true
    },
    "spaipad": {
        "render": true
    },
    "spawindowstablet": {
        "render": true
    },
    "wType": "FlexContainer",
    "widgetalignment": 1,
    "windows8": {
        "render": true
    }
}