{
    "@class": "com.kony.gen.viz.model.container.KVizScrollFlexForm",
    "DNDConfig": null,
    "_margin_": [
        0,
        0,
        0,
        0
    ],
    "_orientation_": 1,
    "_padding_": [
        0,
        0,
        0,
        0
    ],
    "_percent_": true,
    "_skin_": "sabed0d739364714b6e79160668e9c5f",
    "_title_": "Home",
    "addWidgetsdone": false,
    "allboxes": [],
    "android": {
        "needAppMenu": false,
        "titleBar": false
    },
    "canUpdateUI": true,
    "children": [
        "FlexContainer0239525d7b6d54b",
        "Image0fa5d961b98ff4f",
        "FlexContainer06ad4a7b0f47045"
    ],
    "containerweight": 100,
    "currentLocale": null,
    "desktopweb": {
        "needAppMenu": false
    },
    "device": "GalaxyTab7",
    "displayorientation": 3,
    "enabledforidletimeout": false,
    "id": "frmHome",
    "info": null,
    "initdone": false,
    "inputaccessoryviewtype": 4,
    "ipad": {
        "needAppMenu": false,
        "psp": {
            "inputAccessoryViewType": 4,
            "titleBarConfig": {
                "buttonClosureLeftSideView": "",
                "buttonClosureRightSideView": "",
                "buttonText": "Edit",
                "leftButtonText": "Back",
                "leftTitle": "Back",
                "prevFormTitle": false,
                "renderTitleText": true,
                "rightTitle": "Edit",
                "titleBarLeftSideView": "none",
                "titleBarRightSideView": "none",
                "titleClosureLeftSideView": "",
                "titleClosureRightSideView": "",
                "visible": true
            }
        },
        "titleBar": true
    },
    "iphone": {
        "psp": {
            "inputAccessoryViewType": 4
        }
    },
    "isvisible": true,
    "kuid": "5a669f8d7f3845f4aff464b7c5e8e8eb",
    "layouttype": 2,
    "name": "kony.ui.Form2",
    "needappmenu": true,
    "paddinginpixel": false,
    "platform": "spaandroidtablet",
    "prevDevice": "mssurf",
    "prevPlatform": "spawindowstablet",
    "retainscrollposition": false,
    "shellCSS": "and_Tab_Galaxy7",
    "snapgridsize": 10,
    "snaptogrid": true,
    "spaandroidtablet": {
        "needAppMenu": false
    },
    "spaipad": {
        "needAppMenu": false
    },
    "spawindowstablet": {
        "needAppMenu": false
    },
    "titleBarSkin": "s888c554b9644f9ba1026b9a7274b1ac",
    "titlebar": false,
    "type": 3,
    "wType": "Form",
    "windows8": {
        "needAppMenu": false,
        "titleBar": false
    }
}