{
    "@class": "com.kony.gen.viz.model.component.KVizImage2",
    "DNDConfig": null,
    "__parentReadjusting__": false,
    "_base64_": null,
    "_height_": {
        "type": "string",
        "value": "50%"
    },
    "_left_": {
        "type": "string",
        "value": "0dp"
    },
    "_margin_": [
        0,
        0,
        0,
        0
    ],
    "_padding_": [
        0,
        0,
        0,
        0
    ],
    "_skin_": "s0ad9b22e23c4d6eb3d5c4ae4470003d",
    "_src_": "helloworld.png",
    "_top_": {
        "type": "string",
        "value": "8%"
    },
    "_width_": {
        "type": "string",
        "value": "100%"
    },
    "canUpdateUI": true,
    "containerweight": 100,
    "context": {
        "channel": "tablet",
        "formID": "frmHome",
        "platform": "tabrcandroid",
        "templateType": "forms",
        "topLevelBox": null
    },
    "id": "Image0fa5d961b98ff4f",
    "imagescalemode": 1,
    "info": null,
    "invokedProperty": "src",
    "isvisible": true,
    "kuid": "a1da36529029456c9ce5f8ec561207fc",
    "name": "kony.ui.Image2",
    "parent": "frmHome",
    "pf": "frmHome",
    "srcType": 1,
    "wType": "Image",
    "widgetalignment": 5,
    "zindex": 1
}