{
    "AS_Button_ecf7b89d9ad4400fb9b522faa13982f5": {
        "id": "AS_Button_ecf7b89d9ad4400fb9b522faa13982f5",
        "type": "ACTION_SEQUENCE",
        "params": [{
            "datatype": "collection",
            "name": "eventobject"
        }],
        "contextObj": {
            "name": "frmHome",
            "type": "forms",
            "platform": null,
            "KUID": "5a669f8d7f3845f4aff464b7c5e8e8eb"
        },
        "language": "js",
        "actions": [{
            "id": "INVOKE_FUNCTION___218e0b1706b44aa9828449038091e8f8",
            "type": "INVOKE_FUNCTION",
            "sequenceKUID": "showPopup",
            "display": "showPopup",
            "inputparams": [],
            "parentId": null,
            "callbackType": null
        }]
    }
}