{
    "createdVizVersion": "2.9.0",
    "watchos_longlooknotificationicon_42": "",
    "wap_android240_fontsize": "12",
    "mwaddrkey": "",
    "watchos_notificationcentericon_38": "",
    "createdgaversion": "6.9.0",
    "wap_android640_fontsize": "12",
    "winmobileguidkey": "",
    "desktopstartupformkey": "frmHome",
    "desktopwebbasefontsize": "12",
    "watchos_shortlooknotificationicon_42": "",
    "wap_spaandroidtab_fontsize": "12",
    "apppackagekey": "",
    "startupformkey": "frmHome",
    "wap_bb440_fontsize": "12",
    "wap_spaandroidtabldpi_fontsize": "12",
    "isA11yConfigEnabled": false,
    "wap_android480_fontsize": "12",
    "wap_spawindowstab_fontsize": "12",
    "wap_winphone320_fontsize": "12",
    "defaulttheme": "defaultTheme",
    "watchos_longlooknotificationicon_38": "",
    "watchos_notificationcentericon_42": "",
    "enableactionbar": false,
    "appmenu": {
        "focusSkin": null,
        "tablet": {
            "data": [
                {
                    "id": "appmenuitemid1",
                    "icon": {
                        "default": "option1.png"
                    },
                    "title": "Item 1",
                    "android": {
                        "showAsFlag": 0
                    },
                    "kuid": "045bf1b14dba4326a9d3f8b219ecf036",
                    "windows8": {
                        "position": "BOTTOM_LEFT",
                        "appBarButtonStyle": "No Style"
                    }
                },
                {
                    "id": "appmenuitemid2",
                    "icon": {
                        "default": "option2.png"
                    },
                    "title": "Item 2",
                    "android": {
                        "showAsFlag": 0
                    },
                    "kuid": "fe8deb6d381d4334a31e10d7d8eeec90",
                    "windows8": {
                        "position": "BOTTOM_LEFT",
                        "appBarButtonStyle": "No Style"
                    }
                },
                {
                    "id": "appmenuitemid3",
                    "icon": {
                        "default": "option3.png"
                    },
                    "title": "Item 3",
                    "android": {
                        "showAsFlag": 0
                    },
                    "kuid": "7ead0211d7704decb6c95464aa88ae8f",
                    "windows8": {
                        "position": "BOTTOM_LEFT",
                        "appBarButtonStyle": "No Style"
                    }
                },
                {
                    "id": "appmenuitemid4",
                    "icon": {
                        "default": "option4.png"
                    },
                    "title": "Item 4",
                    "android": {
                        "showAsFlag": 0
                    },
                    "kuid": "2acc1933e150408691f38b495b61cb01",
                    "windows8": {
                        "position": "BOTTOM_LEFT",
                        "appBarButtonStyle": "No Style"
                    }
                }
            ]
        },
        "osVersion": "iOS7",
        "wType": "Appmenu",
        "focusskin": null,
        "osPlatform": "",
        "desktop": {
            "data": [
                {
                    "id": "appmenuitemid1",
                    "icon": {
                        "default": "option1.png"
                    },
                    "title": "Item 1",
                    "kuid": "fa950628915d486d83d4dc3e0570904d"
                },
                {
                    "id": "appmenuitemid2",
                    "icon": {
                        "default": "option2.png"
                    },
                    "title": "Item 2",
                    "kuid": "710d0ff50587490e97a1d5ab3543213b"
                },
                {
                    "id": "appmenuitemid3",
                    "icon": {
                        "default": "option3.png"
                    },
                    "title": "Item 3",
                    "kuid": "c8abe27d8e1b4ae9bb59fdab68ede805"
                },
                {
                    "id": "appmenuitemid4",
                    "icon": {
                        "default": "option4.png"
                    },
                    "title": "Item 4",
                    "kuid": "104b1e8819a94f589f739119d86dc388"
                }
            ]
        },
        "skin": null,
        "mobile": {
            "data": [
                {
                    "id": "appmenuitemid1",
                    "icon": {
                        "default": "option1.png"
                    },
                    "title": "Item 1",
                    "kuid": "059cc8541e2b4564aa5b0d1ca82191ae",
                    "android": {
                        "showAsFlag": 0
                    }
                },
                {
                    "id": "appmenuitemid2",
                    "icon": {
                        "default": "option2.png"
                    },
                    "title": "Item 2",
                    "kuid": "a0c0717849874442a1682275bb7186b3",
                    "android": {
                        "showAsFlag": 0
                    }
                },
                {
                    "id": "appmenuitemid3",
                    "icon": {
                        "default": "option3.png"
                    },
                    "title": "Item 3",
                    "kuid": "112567150d6146d3a674ec200456dd2e",
                    "android": {
                        "showAsFlag": 0
                    }
                },
                {
                    "id": "appmenuitemid4",
                    "icon": {
                        "default": "option4.png"
                    },
                    "title": "Item 4",
                    "kuid": "d31524bc309b4a6bbd31f55052972cdd",
                    "android": {
                        "showAsFlag": 0
                    }
                }
            ]
        }
    },
    "wap_android360_fontsize": "12",
    "project.type": "js",
    "appversionkey": "1.0.0",
    "mwportkey": "",
    "wap_bb400_fontsize": "12",
    "isNewAppWithRespectToAndroidPackageName": "",
    "build": "debug",
    "wap_android320_fontsize": "12",
    "statusBarHidden": "false",
    "wap_winphone480_fontsize": "12",
    "wap_bb240_fontsize": "12",
    "wap_bb480_fontsize": "12",
    "wap_spaandroidtabmdpi_fontsize": "12",
    "wap_bb320_fontsize": "12",
    "project_version": "sprint22",
    "wap_android400_fontsize": "12",
    "appaddrkey": "",
    "wap_ip_fontsize": "12",
    "tabletstartupformkey": "frmHome",
    "watchos_shortlooknotificationicon_38": "",
    "appidkey": "HelloWorld",
    "currentgaversion": "6.9.0",
    "mwhttpsportkey": "",
    "vendornamekey": "KonyLabs",
    "konyVizVersion": "2.9.0",
    "appnamekey": "HelloWorld",
    "APPLICATION_THEME": "default",
    "wap_android440_fontsize": "12",
    "wap_spaipad_fontsize": "12",
    "wap_spaandroidtabhdpi_fontsize": "12",
    "wap_bb360_fontsize": "12"
}