{
  "android": {
    "background_color": "f9f9f9ff",
    "bg_type": "one",
    "font_color": "606060ff",
    "font_size": 156,
    "font_weight": "bold",
    "isForked": true
  },
  "background_color": "00000000",
  "bg_type": "one",
  "border_color": "424242ff",
  "border_style": "plain",
  "border_type": 0,
  "border_width": 0,
  "desktopweb": {
    "background_color": "f9f9f9ff",
    "bg_type": "one",
    "bottom_left_border_color": "424242ff",
    "bottom_left_border_style": "plain",
    "bottom_left_border_width": 0,
    "bottom_right_border_color": "424242ff",
    "bottom_right_border_style": "plain",
    "bottom_right_border_width": 0,
    "font_color": "606060ff",
    "font_name": "Helvetica Neue",
    "font_size": 156,
    "font_weight": "bold",
    "isForked": true,
    "top_left_border_color": "424242ff",
    "top_left_border_style": "plain",
    "top_left_border_width": 0,
    "top_right_border_color": "424242ff",
    "top_right_border_style": "plain",
    "top_right_border_width": 0
  },
  "fontSizeInPx": false,
  "font_color": "424242ff",
  "font_name": "Helvetica",
  "font_size": 214,
  "font_style": "normal",
  "font_weight": "normal",
  "ipad": {
    "background_color": "f9f9f9ff",
    "bg_type": "one",
    "font_color": "606060ff",
    "font_size": 156,
    "isForked": true
  },
  "iphone": {
    "background_color": "f9f9f9ff",
    "bg_type": "one",
    "font_color": "606060ff",
    "font_name": "HelveticaNeue-Bold",
    "font_size": 156,
    "isForked": true
  },
  "isDefaultSkin": false,
  "kiosk": {
    "background_color": "f9f9f9ff",
    "bg_type": "one",
    "font_color": "606060ff",
    "font_size": 156,
    "font_weight": "bold",
    "isForked": true
  },
  "kuid": "sa4bd054467a44bbbcf3a42cd67a97fb",
  "spaan": {
    "background_color": "f9f9f9ff",
    "bg_type": "one",
    "bottom_left_border_color": "424242ff",
    "bottom_left_border_style": "plain",
    "bottom_left_border_width": 0,
    "bottom_right_border_color": "424242ff",
    "bottom_right_border_style": "plain",
    "bottom_right_border_width": 0,
    "font_color": "606060ff",
    "font_size": 156,
    "font_weight": "bold",
    "isForked": true,
    "top_left_border_color": "424242ff",
    "top_left_border_style": "plain",
    "top_left_border_width": 0,
    "top_right_border_color": "424242ff",
    "top_right_border_style": "plain",
    "top_right_border_width": 0
  },
  "spaandroidtablet": {
    "background_color": "f9f9f9ff",
    "bg_type": "one",
    "bottom_left_border_color": "424242ff",
    "bottom_left_border_style": "plain",
    "bottom_left_border_width": 0,
    "bottom_right_border_color": "424242ff",
    "bottom_right_border_style": "plain",
    "bottom_right_border_width": 0,
    "font_color": "606060ff",
    "font_size": 156,
    "font_weight": "bold",
    "isForked": true,
    "top_left_border_color": "424242ff",
    "top_left_border_style": "plain",
    "top_left_border_width": 0,
    "top_right_border_color": "424242ff",
    "top_right_border_style": "plain",
    "top_right_border_width": 0
  },
  "spabb": {
    "background_color": "f9f9f9ff",
    "bg_type": "one",
    "bottom_left_border_color": "424242ff",
    "bottom_left_border_style": "plain",
    "bottom_left_border_width": 0,
    "bottom_right_border_color": "424242ff",
    "bottom_right_border_style": "plain",
    "bottom_right_border_width": 0,
    "font_color": "606060ff",
    "font_size": 156,
    "font_weight": "bold",
    "isForked": true,
    "top_left_border_color": "424242ff",
    "top_left_border_style": "plain",
    "top_left_border_width": 0,
    "top_right_border_color": "424242ff",
    "top_right_border_style": "plain",
    "top_right_border_width": 0
  },
  "spaip": {
    "background_color": "f9f9f9ff",
    "bg_type": "one",
    "bottom_left_border_color": "424242ff",
    "bottom_left_border_style": "plain",
    "bottom_left_border_width": 0,
    "bottom_right_border_color": "424242ff",
    "bottom_right_border_style": "plain",
    "bottom_right_border_width": 0,
    "font_color": "606060ff",
    "font_size": 156,
    "font_weight": "bold",
    "isForked": true,
    "top_left_border_color": "424242ff",
    "top_left_border_style": "plain",
    "top_left_border_width": 0,
    "top_right_border_color": "424242ff",
    "top_right_border_style": "plain",
    "top_right_border_width": 0
  },
  "spaipad": {
    "background_color": "f9f9f9ff",
    "bg_type": "one",
    "bottom_left_border_color": "424242ff",
    "bottom_left_border_style": "plain",
    "bottom_left_border_width": 0,
    "bottom_right_border_color": "424242ff",
    "bottom_right_border_style": "plain",
    "bottom_right_border_width": 0,
    "font_color": "606060ff",
    "font_size": 156,
    "font_weight": "bold",
    "isForked": true,
    "top_left_border_color": "424242ff",
    "top_left_border_style": "plain",
    "top_left_border_width": 0,
    "top_right_border_color": "424242ff",
    "top_right_border_style": "plain",
    "top_right_border_width": 0
  },
  "spawindowstablet": {
    "background_color": "f9f9f9ff",
    "bg_type": "one",
    "bottom_left_border_color": "424242ff",
    "bottom_left_border_style": "plain",
    "bottom_left_border_width": 0,
    "bottom_right_border_color": "424242ff",
    "bottom_right_border_style": "plain",
    "bottom_right_border_width": 0,
    "font_color": "606060ff",
    "font_size": 156,
    "font_weight": "bold",
    "isForked": true,
    "top_left_border_color": "424242ff",
    "top_left_border_style": "plain",
    "top_left_border_width": 0,
    "top_right_border_color": "424242ff",
    "top_right_border_style": "plain",
    "top_right_border_width": 0
  },
  "spawinphone8": {
    "background_color": "f9f9f9ff",
    "bg_type": "one",
    "bottom_left_border_color": "424242ff",
    "bottom_left_border_style": "plain",
    "bottom_left_border_width": 0,
    "bottom_right_border_color": "424242ff",
    "bottom_right_border_style": "plain",
    "bottom_right_border_width": 0,
    "font_color": "606060ff",
    "font_size": 156,
    "font_weight": "bold",
    "isForked": true,
    "top_left_border_color": "424242ff",
    "top_left_border_style": "plain",
    "top_left_border_width": 0,
    "top_right_border_color": "424242ff",
    "top_right_border_style": "plain",
    "top_right_border_width": 0
  },
  "tabrcandroid": {
    "background_color": "f9f9f9ff",
    "bg_type": "one",
    "font_color": "606060ff",
    "font_size": 156,
    "font_weight": "bold",
    "isForked": true
  },
  "wType": "Label",
  "watchos": {
    "font_color": "606060ff",
    "font_size": 156,
    "font_weight": "bold",
    "isForked": true
  },
  "windows8": {
    "background_color": "f9f9f9ff",
    "bg_type": "one",
    "font_color": "606060ff",
    "font_size": 156,
    "font_weight": "bold",
    "isForked": true
  },
  "winphone8": {
    "background_color": "f9f9f9ff",
    "bg_type": "one",
    "font_color": "606060ff",
    "font_size": 156,
    "font_weight": "bold",
    "isForked": true
  }
}