{
  "android": {
    "background_gradient_bottom_color": "dededeff",
    "background_gradient_top_color": "f6f5f5ff",
    "background_style": "vg",
    "bg_type": "two",
    "border_color": "9f9f9fff",
    "border_style": "rc",
    "border_type": 0,
    "border_width": 1,
    "font_color": "314e89ff",
    "font_size": 120,
    "isForked": true,
    "text_shadow": {
      "br": 0,
      "color": "000000ff",
      "nm": 0,
      "x": 0,
      "y": 0
    }
  },
  "background_color": "56a9ddff",
  "bg_type": "one",
  "border_color": "ffffffff",
  "border_style": "plain",
  "border_type": 0,
  "border_width": 0,
  "desktopweb": {
    "background_gradient_bottom_color": "dededeff",
    "background_gradient_top_color": "f6f5f5ff",
    "background_style": "vg",
    "bg_type": "two",
    "bottom_left_border_color": "ffffffff",
    "bottom_left_border_style": "plain",
    "bottom_left_border_width": 0,
    "bottom_right_border_color": "ffffffff",
    "bottom_right_border_style": "plain",
    "bottom_right_border_width": 0,
    "font_color": "314e89ff",
    "font_size": 120,
    "isForked": true,
    "shadow": {
      "br": 2,
      "color": "000000ff",
      "inner": false,
      "nm": 0,
      "x": 0,
      "y": 2
    },
    "text_shadow": {
      "br": 0,
      "color": "000000ff",
      "nm": 0,
      "x": 0,
      "y": 0
    },
    "top_left_border_color": "ffffffff",
    "top_left_border_style": "plain",
    "top_left_border_width": 0,
    "top_right_border_color": "ffffffff",
    "top_right_border_style": "plain",
    "top_right_border_width": 0
  },
  "fontSizeInPx": false,
  "font_color": "ffffffff",
  "font_name": "Helvetica",
  "font_size": 146,
  "font_style": "normal",
  "font_weight": "normal",
  "ipad": {
    "background_gradient_bottom_color": "dededeff",
    "background_gradient_top_color": "f6f5f5ff",
    "background_style": "vg",
    "bg_type": "two",
    "border_color": "9f9f9fff",
    "border_style": "rc",
    "border_type": 0,
    "border_width": 1,
    "font_color": "314e89ff",
    "font_size": 120,
    "isForked": true,
    "text_shadow": {
      "br": 0,
      "color": "000000ff",
      "nm": 0,
      "x": 0,
      "y": 0
    }
  },
  "iphone": {
    "background_gradient_bottom_color": "dededeff",
    "background_gradient_top_color": "f6f5f5ff",
    "background_style": "vg",
    "bg_type": "two",
    "border_color": "9f9f9fff",
    "border_style": "rc",
    "border_type": 0,
    "border_width": 1,
    "font_color": "314e89ff",
    "font_name": "HelveticaNeue-Bold",
    "font_size": 120,
    "isForked": true,
    "text_shadow": {
      "br": 0,
      "color": "000000ff",
      "nm": 0,
      "x": 0,
      "y": 0
    }
  },
  "isDefaultSkin": false,
  "kiosk": {
    "background_gradient_bottom_color": "dededeff",
    "background_gradient_top_color": "f6f5f5ff",
    "background_style": "vg",
    "bg_type": "two",
    "border_color": "9f9f9fff",
    "border_style": "rc",
    "border_type": 0,
    "border_width": 1,
    "font_color": "314e89ff",
    "font_size": 120,
    "isForked": true
  },
  "kuid": "sf12a3fc65e04f64a909afb90155c251",
  "spaan": {
    "background_gradient_bottom_color": "dededeff",
    "background_gradient_top_color": "f6f5f5ff",
    "background_style": "vg",
    "bg_type": "two",
    "bottom_left_border_color": "ffffffff",
    "bottom_left_border_style": "plain",
    "bottom_left_border_width": 0,
    "bottom_right_border_color": "ffffffff",
    "bottom_right_border_style": "plain",
    "bottom_right_border_width": 0,
    "font_color": "314e89ff",
    "font_size": 120,
    "isForked": true,
    "shadow": {
      "br": 2,
      "color": "000000ff",
      "inner": false,
      "nm": 0,
      "x": 0,
      "y": 2
    },
    "text_shadow": {
      "br": 0,
      "color": "000000ff",
      "nm": 0,
      "x": 0,
      "y": 0
    },
    "top_left_border_color": "ffffffff",
    "top_left_border_style": "plain",
    "top_left_border_width": 0,
    "top_right_border_color": "ffffffff",
    "top_right_border_style": "plain",
    "top_right_border_width": 0
  },
  "spaandroidtablet": {
    "background_gradient_bottom_color": "dededeff",
    "background_gradient_top_color": "f6f5f5ff",
    "background_style": "vg",
    "bg_type": "two",
    "bottom_left_border_color": "ffffffff",
    "bottom_left_border_style": "plain",
    "bottom_left_border_width": 0,
    "bottom_right_border_color": "ffffffff",
    "bottom_right_border_style": "plain",
    "bottom_right_border_width": 0,
    "font_color": "314e89ff",
    "font_size": 120,
    "isForked": true,
    "shadow": {
      "br": 2,
      "color": "000000ff",
      "inner": false,
      "nm": 0,
      "x": 0,
      "y": 2
    },
    "text_shadow": {
      "br": 0,
      "color": "000000ff",
      "nm": 0,
      "x": 0,
      "y": 0
    },
    "top_left_border_color": "ffffffff",
    "top_left_border_style": "plain",
    "top_left_border_width": 0,
    "top_right_border_color": "ffffffff",
    "top_right_border_style": "plain",
    "top_right_border_width": 0
  },
  "spabb": {
    "background_gradient_bottom_color": "dededeff",
    "background_gradient_top_color": "f6f5f5ff",
    "background_style": "vg",
    "bg_type": "two",
    "bottom_left_border_color": "ffffffff",
    "bottom_left_border_style": "plain",
    "bottom_left_border_width": 0,
    "bottom_right_border_color": "ffffffff",
    "bottom_right_border_style": "plain",
    "bottom_right_border_width": 0,
    "font_color": "314e89ff",
    "font_size": 120,
    "isForked": true,
    "shadow": {
      "br": 2,
      "color": "000000ff",
      "inner": false,
      "nm": 0,
      "x": 0,
      "y": 2
    },
    "text_shadow": {
      "br": 0,
      "color": "000000ff",
      "nm": 0,
      "x": 0,
      "y": 0
    },
    "top_left_border_color": "ffffffff",
    "top_left_border_style": "plain",
    "top_left_border_width": 0,
    "top_right_border_color": "ffffffff",
    "top_right_border_style": "plain",
    "top_right_border_width": 0
  },
  "spaip": {
    "background_gradient_bottom_color": "dededeff",
    "background_gradient_top_color": "f6f5f5ff",
    "background_style": "vg",
    "bg_type": "two",
    "bottom_left_border_color": "ffffffff",
    "bottom_left_border_style": "plain",
    "bottom_left_border_width": 0,
    "bottom_right_border_color": "ffffffff",
    "bottom_right_border_style": "plain",
    "bottom_right_border_width": 0,
    "font_color": "314e89ff",
    "font_size": 120,
    "isForked": true,
    "shadow": {
      "br": 2,
      "color": "000000ff",
      "inner": false,
      "nm": 0,
      "x": 0,
      "y": 2
    },
    "text_shadow": {
      "br": 0,
      "color": "000000ff",
      "nm": 0,
      "x": 0,
      "y": 0
    },
    "top_left_border_color": "ffffffff",
    "top_left_border_style": "plain",
    "top_left_border_width": 0,
    "top_right_border_color": "ffffffff",
    "top_right_border_style": "plain",
    "top_right_border_width": 0
  },
  "spaipad": {
    "background_gradient_bottom_color": "dededeff",
    "background_gradient_top_color": "f6f5f5ff",
    "background_style": "vg",
    "bg_type": "two",
    "bottom_left_border_color": "ffffffff",
    "bottom_left_border_style": "plain",
    "bottom_left_border_width": 0,
    "bottom_right_border_color": "ffffffff",
    "bottom_right_border_style": "plain",
    "bottom_right_border_width": 0,
    "font_color": "314e89ff",
    "font_size": 120,
    "isForked": true,
    "shadow": {
      "br": 2,
      "color": "000000ff",
      "inner": false,
      "nm": 0,
      "x": 0,
      "y": 2
    },
    "text_shadow": {
      "br": 0,
      "color": "000000ff",
      "nm": 0,
      "x": 0,
      "y": 0
    },
    "top_left_border_color": "ffffffff",
    "top_left_border_style": "plain",
    "top_left_border_width": 0,
    "top_right_border_color": "ffffffff",
    "top_right_border_style": "plain",
    "top_right_border_width": 0
  },
  "spawindowstablet": {
    "background_gradient_bottom_color": "dededeff",
    "background_gradient_top_color": "f6f5f5ff",
    "background_style": "vg",
    "bg_type": "two",
    "bottom_left_border_color": "ffffffff",
    "bottom_left_border_style": "plain",
    "bottom_left_border_width": 0,
    "bottom_right_border_color": "ffffffff",
    "bottom_right_border_style": "plain",
    "bottom_right_border_width": 0,
    "font_color": "314e89ff",
    "font_size": 120,
    "isForked": true,
    "shadow": {
      "br": 2,
      "color": "000000ff",
      "inner": false,
      "nm": 0,
      "x": 0,
      "y": 2
    },
    "text_shadow": {
      "br": 0,
      "color": "000000ff",
      "nm": 0,
      "x": 0,
      "y": 0
    },
    "top_left_border_color": "ffffffff",
    "top_left_border_style": "plain",
    "top_left_border_width": 0,
    "top_right_border_color": "ffffffff",
    "top_right_border_style": "plain",
    "top_right_border_width": 0
  },
  "spawinphone8": {
    "background_gradient_bottom_color": "dededeff",
    "background_gradient_top_color": "f6f5f5ff",
    "background_style": "vg",
    "bg_type": "two",
    "bottom_left_border_color": "ffffffff",
    "bottom_left_border_style": "plain",
    "bottom_left_border_width": 0,
    "bottom_right_border_color": "ffffffff",
    "bottom_right_border_style": "plain",
    "bottom_right_border_width": 0,
    "font_color": "314e89ff",
    "font_size": 120,
    "isForked": true,
    "shadow": {
      "br": 2,
      "color": "000000ff",
      "inner": false,
      "nm": 0,
      "x": 0,
      "y": 2
    },
    "text_shadow": {
      "br": 0,
      "color": "000000ff",
      "nm": 0,
      "x": 0,
      "y": 0
    },
    "top_left_border_color": "ffffffff",
    "top_left_border_style": "plain",
    "top_left_border_width": 0,
    "top_right_border_color": "ffffffff",
    "top_right_border_style": "plain",
    "top_right_border_width": 0
  },
  "tabrcandroid": {
    "background_gradient_bottom_color": "dededeff",
    "background_gradient_top_color": "f6f5f5ff",
    "background_style": "vg",
    "bg_type": "two",
    "border_color": "9f9f9fff",
    "border_style": "rc",
    "border_type": 0,
    "border_width": 1,
    "font_color": "314e89ff",
    "font_size": 120,
    "isForked": true,
    "text_shadow": {
      "br": 0,
      "color": "000000ff",
      "nm": 0,
      "x": 0,
      "y": 0
    }
  },
  "wType": "Button",
  "watchos": {
    "font_color": "314e89ff",
    "font_size": 120,
    "isForked": true
  },
  "windows8": {
    "background_gradient_bottom_color": "dededeff",
    "background_gradient_top_color": "f6f5f5ff",
    "background_style": "vg",
    "bg_type": "two",
    "border_color": "9f9f9fff",
    "border_style": "rc",
    "border_type": 0,
    "border_width": 1,
    "font_color": "314e89ff",
    "font_size": 120,
    "isForked": true
  },
  "winphone8": {
    "background_gradient_bottom_color": "dededeff",
    "background_gradient_top_color": "f6f5f5ff",
    "background_style": "vg",
    "bg_type": "two",
    "border_color": "9f9f9fff",
    "border_style": "rc",
    "border_type": 0,
    "border_width": 1,
    "font_color": "314e89ff",
    "font_size": 120,
    "isForked": true
  }
}