{
    "AS_Button_ad4740abd56a41cabaa83b6d64dad03e": {
        "id": "AS_Button_ad4740abd56a41cabaa83b6d64dad03e",
        "type": "ACTION_SEQUENCE",
        "params": [{
            "datatype": "collection",
            "name": "eventobject"
        }],
        "contextObj": {
            "name": "frmHome",
            "type": "forms",
            "platform": null,
            "KUID": "eea905af0f58479cbab8a628d6cb507f"
        },
        "language": "js",
        "actions": [{
            "id": "INVOKE_FUNCTION___6050176a01d245fe84ebb8165f316753",
            "type": "INVOKE_FUNCTION",
            "sequenceKUID": "showPopup",
            "display": "showPopup",
            "inputparams": [],
            "parentId": null,
            "callbackType": null
        }]
    }
}