{
    "AS_Button_401c1ea05e60499b97543e9b5b1b315e": {
        "id": "AS_Button_401c1ea05e60499b97543e9b5b1b315e",
        "type": "ACTION_SEQUENCE",
        "params": [{
            "datatype": "collection",
            "name": "eventobject"
        }],
        "contextObj": {
            "name": "frmHome",
            "type": "forms",
            "platform": "",
            "KUID": "eea905af0f58479cbab8a628d6cb507f"
        },
        "actions": [{
            "id": "INVOKE_FUNCTION___e796a90ab7ae4374a2657fcb7966d879",
            "type": "INVOKE_FUNCTION",
            "sequenceKUID": "showPopup",
            "display": "showPopup",
            "inputparams": [],
            "parentId": null,
            "callbackType": null
        }]
    }
}