{
    "AS_Button_e9a17adae1184b04b8fb8cd1f8a28f03": {
        "id": "AS_Button_e9a17adae1184b04b8fb8cd1f8a28f03",
        "type": "ACTION_SEQUENCE",
        "params": [{
            "datatype": "collection",
            "name": "eventobject"
        }],
        "contextObj": {
            "name": "frmHome",
            "type": "forms",
            "platform": "",
            "KUID": "eea905af0f58479cbab8a628d6cb507f"
        },
        "language": "js",
        "actions": [{
            "id": "INVOKE_FUNCTION___c2dedef04651446a988b85ede5ba0d6d",
            "type": "INVOKE_FUNCTION",
            "sequenceKUID": "showPopup",
            "display": "showPopup",
            "inputparams": [],
            "parentId": null,
            "callbackType": null,
            "disabled": null
        }]
    }
}